Date,EURO,Platinum,Gold,Crude Oil,Silver,Ethereum,Yeng,^DJI,BITCOIN,new_cases,new_deaths
"[2018, 3, 19]",1.228078842,952.9000244,1316.800049,62.06000137,16.25499916,556.7260132,0.009424,24610.91016,8630.650391,0,0
"[2018, 3, 20]",1.23368454,943.5,1311.099976,63.40000153,16.125,557.1749878,0.0094135,24727.26953,8913.469727,0,0
"[2018, 3, 21]",1.225189924,949.0999756,1320.699951,65.16999817,16.35700035,561.7319946,0.009441,24682.31055,8929.280273,0,0
"[2018, 3, 22]",1.234766126,947.5999756,1326.599976,64.30000305,16.32799911,539.7020264,0.0094855,23957.89063,8728.469727,0,0
"[2018, 3, 23]",1.232498527,946.9000244,1349.300049,65.87999725,16.53000069,539.6190186,0.0095565,23533.19922,8879.620117,0,0
"[2018, 3, 25]",1.235437274,950.5,,,,489.9509888,,,8209.400391,0,0
"[2018, 3, 25]",1.235437274,950.5,,,,489.9509888,,,8495.780273,0,0
"[2018, 3, 26]",1.245748878,948.9000244,1354.400024,65.55000305,16.63199997,450.1159973,0.0095185,24202.59961,7833.040039,0,0
"[2018, 3, 27]",1.240787148,945.2000122,1341.300049,65.25,16.48900032,446.2790222,0.009489,23857.71094,7954.47998,0,0
"[2018, 3, 28]",1.231026769,934.7000122,1324.199951,64.37999725,16.20499992,385.9679871,0.009368,23848.41992,7165.700195,0,0
"[2018, 3, 29]",1.230284691,927.2999878,1322.800049,64.94000244,16.22299957,394.644989,0.009406,24103.10938,6890.52002,0,0
"[2018, 4, 1]",1.231420875,939.4000244,,,,386.4249878,,,7083.799805,0,0
"[2018, 4, 2]",1.229271412,930.7000122,1342.099976,63.00999832,16.62700081,416.8930054,0.0094555,23644.18945,7456.109863,0,0
"[2018, 4, 3]",1.227852583,925.2999878,1332.800049,63.50999832,16.34700012,380.5429993,0.0093895,24033.35938,6853.839844,0,0
"[2018, 4, 4]",1.22868228,912.0999756,1335.800049,63.36999893,16.20899963,383.2319946,0.009376,24264.30078,6811.470215,0,0
"[2018, 4, 5]",1.225159883,909.7999878,1324.300049,63.54000092,16.31999969,370.2850037,0.0093125,24505.2207,6636.319824,0,0
"[2018, 4, 6]",,912,1331.900024,62.06000137,16.33200073,,0.0093635,23932.75977,6911.089844,0,0
"[2018, 4, 8]",1.22714448,921.7999878,,,,398.526001,,,6770.72998,0,0
"[2018, 4, 9]",1.232240319,933.9000244,1336.300049,63.41999817,16.49900055,414.2430115,0.009368,23979.09961,6834.759766,0,0
"[2018, 4, 10]",1.236307859,927.5999756,1342,65.51000214,16.56599998,430.5400085,0.0093345,24408,6968.319824,0,0
"[2018, 4, 11]",1.237164378,928.7999878,1356.5,66.81999969,16.73800087,492.9410095,0.0093545,24189.44922,7889.25,0,0
"[2018, 4, 12]",1.232969642,929,1338.400024,67.06999969,16.44300079,492.7349854,0.0093285,24483.05078,7895.959961,0,0
"[2018, 4, 13]",,927.2999878,1344.800049,67.38999939,16.62800026,,0.00931,24360.14063,7986.240234,0,0
"[2018, 4, 15]",1.233258605,934.5,,,,511.1470032,,,8058.669922,0,0
"[2018, 4, 16]",1.238512754,925.7000122,1347.5,66.22000122,16.66200066,502.8940125,0.0093275,24573.03906,7902.089844,0,0
"[2018, 4, 17]",1.237317443,933.9000244,1347.199951,66.51999664,16.77199936,524.7890015,0.0093595,24786.63086,8163.419922,0,0
"[2018, 4, 18]",1.237914801,939.5,1351.199951,68.47000122,17.2310009,567.8889771,0.009337,24748.07031,8294.30957,0,0
"[2018, 4, 19]",1.234552622,933.7000122,1346.800049,68.29000092,17.22200012,615.7180176,0.009324,24664.89063,8845.830078,0,0
"[2018, 4, 20]",,925.5999756,1336.699951,68.37999725,17.14699936,,0.009307,24462.93945,8895.580078,0,0
"[2018, 4, 22]",1.227340221,929,,,,642.5479736,,,8930.879883,0,0
"[2018, 4, 23]",1.22089684,916.2999878,1322.5,68.63999939,16.57099915,708.15802,0.009217,24448.68945,9697.5,0,0
"[2018, 4, 24]",1.224140048,928.9000244,1331.400024,67.69999695,16.68700027,615.4160156,0.0092135,24024.13086,8845.740234,0,0
"[2018, 4, 25]",1.217166901,906.5999756,1321.199951,68.05000305,16.48600006,662.809021,0.009156,24083.83008,9281.509766,0,0
"[2018, 4, 26]",1.210961699,904,1316.300049,68.19000244,16.48800087,647.0319214,0.0091535,24322.33984,8987.049805,0,0
"[2018, 4, 27]",,911,1320.300049,68.09999847,16.40600014,,0.00918,24311.18945,9348.480469,0,0
"[2018, 4, 29]",1.212282777,916.2000122,,,,669.9240112,,,9240.549805,0,0
"[2018, 4, 30]",1.208123446,899,1316.199951,68.56999969,16.31200027,673.6129761,0.009158,24163.15039,9119.009766,0,0
"[2018, 5, 1]",1.199155807,888.7999878,1303.800049,67.25,16.03899956,687.1489868,0.009114,24099.05078,9235.919922,0,0
"[2018, 5, 2]",1.195100188,888.5,1302.599976,67.93000031,16.29100037,779.5430298,0.0091165,23924.98047,9743.860352,0,0
"[2018, 5, 3]",1.198925734,898.7000122,1310.699951,68.43000031,16.36199951,785.6240234,0.0091615,23930.15039,9700.759766,0,0
"[2018, 5, 4]",,905,1312.699951,69.72000122,16.43400002,,0.009169,24262.50977,9858.150391,0,0
"[2018, 5, 6]",1.195500135,910.5999756,,,,753.7249756,,,9373.009766,0,0
"[2018, 5, 7]",1.193374395,908,1312.199951,70.73000336,16.41300011,752.8570557,0.009174,24357.32031,9234.820313,0,0
"[2018, 5, 8]",1.186788678,907.0999756,1312,69.05999756,16.38800049,752.2749634,0.0091755,24360.21094,9325.179688,0,0
"[2018, 5, 9]",1.184721828,911.5999756,1311.300049,71.13999939,16.45800018,727.2769775,0.0091185,24542.53906,9043.94043,0,0
"[2018, 5, 10]",1.19175303,920.5,1320.800049,71.36000061,16.68000031,679.5859985,0.0091445,24739.5293,8441.490234,0,0
"[2018, 5, 11]",,922.4000244,1319,70.69999695,16.6760006,,0.00915,24831.16992,8504.889648,0,0
"[2018, 5, 13]",1.195214391,925.4000244,,,,730.5490112,,,8716.790039,0,0
"[2018, 5, 14]",1.193118095,911.5,1316.5,70.95999908,16.56999969,708.8709717,0.009128,24899.41016,8510.379883,0,0
"[2018, 5, 15]",1.182088971,893.7999878,1288.900024,71.30999756,16.19400024,707.0499878,0.009079,24706.41016,8368.830078,0,0
"[2018, 5, 16]",1.181697845,886.5,1290.199951,71.48999786,16.29700089,672.6569824,0.0090875,24768.92969,8094.319824,0,0
"[2018, 5, 17]",1.179523468,889,1288.199951,71.48999786,16.41300011,694.3670044,0.0090455,24713.98047,8250.969727,0,0
"[2018, 5, 18]",,883.4000244,1290.199951,71.27999878,16.38699913,,0.009052,24715.08984,8247.179688,0,0
"[2018, 5, 20]",1.176664352,886.2000122,,,,699.2219849,,,8418.990234,0,0
"[2018, 5, 21]",1.179245353,896.7000122,1290.199951,72.23999786,16.45199966,647.7410278,0.0090155,25013.28906,8041.779785,0,0
"[2018, 5, 22]",1.178856015,905.7000122,1291.699951,72.12999725,16.50799942,583.585022,0.0090235,24834.41016,7557.819824,0,0
"[2018, 5, 23]",1.171015024,897.7000122,1289.300049,71.83999634,16.33799934,601.7550049,0.009099,24886.81055,7587.339844,0,0
"[2018, 5, 24]",1.172264218,909.5,1303.699951,70.70999908,16.62100029,586.7340088,0.009162,24811.75977,7480.140137,0,0
"[2018, 5, 25]",,898.2000122,1303.300049,67.87999725,16.4810009,,0.0091515,24753.08984,7355.879883,0,0
"[2018, 5, 27]",1.168893456,901,,,,516.0360107,,,7135.990234,0,0
"[2018, 5, 28]",1.162696123,,,,,565.3880005,,,7472.589844,0,0
"[2018, 5, 29]",1.153934956,902.7999878,1298.699951,66.73000336,16.30500031,559.5900269,0.0092485,24361.44922,7406.52002,0,0
"[2018, 5, 30]",1.166725039,910.4000244,1301.5,68.20999908,16.47900009,577.6450195,0.009196,24667.7793,7494.169922,0,0
"[2018, 5, 31]",1.169317126,909.2000122,1300.099976,67.04000092,16.40200043,580.0430298,0.009215,24415.83984,7541.450195,0,0
"[2018, 6, 1]",,904.7000122,1294.800049,65.80999756,16.38800049,,0.0091395,24635.21094,7643.450195,0,0
"[2018, 6, 3]",1.166861176,904.2000122,,,,592.9849854,,,7514.470215,0,0
"[2018, 6, 4]",1.170055985,901.5,1293.099976,64.75,16.37899971,609.3029785,0.0091195,24813.68945,7633.759766,0,0
"[2018, 6, 5]",1.172621608,899.2999878,1297.5,65.51999664,16.49099922,607.1240234,0.009118,24799.98047,7653.97998,0,0
"[2018, 6, 6]",1.178550363,905.5999756,1297.099976,64.73000336,16.6420002,605.1870117,0.009082,25146.39063,7678.240234,0,0
"[2018, 6, 7]",1.179523468,898.2999878,1298.699951,65.94999695,16.76600075,601.0770264,0.009119,25241.41016,7624.919922,0,0
"[2018, 6, 8]",,903.7000122,1298.099976,65.73999786,16.69400024,,0.0091385,25316.5293,7531.97998,0,0
"[2018, 6, 10]",1.178397655,908.2000122,,,,533.2839966,,,6906.919922,0,0
"[2018, 6, 11]",1.17741251,904.4000244,1298.900024,66.09999847,16.90500069,496.8430176,0.009093,25322.31055,6582.359863,0,0
"[2018, 6, 12]",1.174825907,899.5,1295.099976,66.36000061,16.84900093,477.493988,0.0090665,25320.73047,6349.899902,0,0
"[2018, 6, 13]",1.180776954,900.5,1296.900024,66.63999939,16.95299911,519.7420044,0.0090495,25201.19922,6675.350098,0,0
"[2018, 6, 14]",1.156657696,908.9000244,1304,66.88999939,17.22599983,491.0040283,0.009045,25175.31055,6456.580078,0,0
"[2018, 6, 15]",,885.7999878,1274.599976,65.05999756,16.45199966,,0.0090415,25090.48047,6550.160156,0,0
"[2018, 6, 17]",1.159595013,889.0999756,,,,518.8909912,,,6734.819824,0,0
"[2018, 6, 18]",1.163074613,881.9000244,1276.199951,65.84999847,16.41200066,537.9569702,0.0090575,24987.4707,6769.939941,0,0
"[2018, 6, 19]",1.158856034,862.9000244,1275.599976,65.06999969,16.3029995,536.2680054,0.0091025,24700.21094,6776.549805,0,0
"[2018, 6, 20]",1.157903314,872.0999756,1271.199951,66.22000122,16.28899956,527.3670044,0.0090755,24657.80078,6729.740234,0,0
"[2018, 6, 21]",1.160577536,861.2000122,1267.199951,65.54000092,16.30599976,465.8169861,0.0091175,24461.69922,6083.689941,0,0
"[2018, 6, 22]",,871.2999878,1267.400024,68.58000183,16.43899918,,0.0091145,24580.89063,6162.47998,0,0
"[2018, 6, 24]",1.16613996,878.7000122,,,,460.3100281,,,6249.180176,0,0
"[2018, 6, 25]",1.170274973,866.7999878,1265.599976,68.08000183,16.30800056,432.7720032,0.009152,24252.80078,6093.669922,0,0
"[2018, 6, 26]",1.165025949,869.2999878,1256.599976,70.52999878,16.23800087,442.3649902,0.009094,24283.10938,6157.129883,0,0
"[2018, 6, 27]",1.156363487,856.2999878,1252.800049,72.76000214,16.13899994,422.3649597,0.009086,24117.58984,5903.439941,0,0
"[2018, 6, 28]",1.156296611,850.2999878,1247.800049,73.44999695,15.95100021,436.0090027,0.0090485,24216.05078,6218.299805,0,0
"[2018, 6, 29]",,852.4000244,1251.300049,74.15000153,16.10400009,,0.0090285,24271.41016,6404,0,0
"[2018, 7, 1]",1.167855859,856.4000244,,,,475.3469849,,,6614.180176,0,0
"[2018, 7, 2]",1.164212108,809,1239.800049,73.94000244,15.74400043,464.1950378,0.0090265,24307.17969,6529.589844,0,0
"[2018, 7, 3]",1.165922403,,,,,467.3179932,,24174.82031,6597.549805,0,0
"[2018, 7, 4]",1.166235089,,,,,474.4120178,,,6639.140137,0,0
"[2018, 7, 5]",1.169590592,837.0999756,1257.300049,72.94000244,16.00799942,474.0119934,0.0090405,24356.74023,6673.5,0,0
"[2018, 7, 6]",,844.2000122,1254.300049,73.80000305,15.98099995,,0.0090585,24456.48047,6856.930176,0,0
"[2018, 7, 8]",1.175226212,848.4000244,,,,476.6820068,,,6741.75,0,0
"[2018, 7, 9]",1.175696015,849,1258.099976,73.84999847,16.0529995,434.4240112,0.0090275,24776.58984,6329.950195,0,0
"[2018, 7, 10]",1.17270422,842,1253.800049,74.11000061,16.00300026,446.5180054,0.0089875,24919.66016,6394.709961,0,0
"[2018, 7, 11]",1.167678595,831,1242.800049,70.37999725,15.73200035,430.0740051,0.0089255,24700.44922,6228.810059,0,0
"[2018, 7, 12]",1.166588902,842.2999878,1245,70.33000183,15.89799976,434.0270081,0.008892,24924.89063,6238.049805,0,0
"[2018, 7, 13]",,826.2000122,1239.599976,71.01000214,15.73900032,,0.008903,25019.41016,6276.120117,0,0
"[2018, 7, 15]",1.167910457,832.2000122,,,,480.657959,,,6741.75,0,0
"[2018, 7, 16]",1.170946479,822.2999878,1238.099976,68.05999756,15.73499966,501.0019836,0.008903,25064.35938,7321.040039,0,0
"[2018, 7, 17]",1.165324688,815.7999878,1225.699951,68.08000183,15.54599953,480.5130005,0.008878,25119.89063,7370.779785,0,0
"[2018, 7, 18]",1.16456461,813.7000122,1226.300049,68.76000214,15.50300026,469.6190186,0.0088765,25199.28906,7466.859863,0,0
"[2018, 7, 19]",1.165514708,800.5999756,1222.400024,69.45999908,15.34000015,450.6979675,0.008905,25064.5,7354.129883,0,0
"[2018, 7, 20]",,823.5999756,1229.5,70.45999908,15.48999977,,0.0089785,25058.11914,7419.290039,0,0
"[2018, 7, 22]",1.174191236,831.2999878,,,,450.8529968,,,7711.109863,0,0
"[2018, 7, 23]",1.169412851,825.7999878,1224,67.88999939,15.36800003,479.3729858,0.0089825,25044.28906,8424.269531,0,0
"[2018, 7, 24]",1.168551922,829.5999756,1223.900024,68.51999664,15.4630003,472.493042,0.0090035,25241.93945,8181.390137,0,0
"[2018, 7, 25]",1.173750281,833.7999878,1231.400024,69.30000305,15.53299999,464.0369873,0.0090335,25414.09961,7951.580078,0,0
"[2018, 7, 26]",1.164293408,832.4000244,1225.300049,69.61000061,15.43799973,469.6659851,0.0089995,25527.07031,8165.009766,0,0
"[2018, 7, 27]",,826.4000244,1222.599976,68.69000244,15.43599987,,0.0090185,25451.06055,8192.150391,0,0
"[2018, 7, 29]",1.166044831,832.5999756,,,,457.0810242,,,8180.47998,0,0
"[2018, 7, 30]",1.170740843,826.5999756,1221.300049,70.12999725,15.47500038,433.8669739,0.009016,25306.83008,7780.439941,0,0
"[2018, 7, 31]",1.168961763,840.9000244,1223.699951,68.76000214,15.5,420.7470093,0.0089495,25415.18945,7624.910156,0,0
"[2018, 8, 1]",1.166588902,812.4000244,1217.900024,67.66000366,15.39400005,412.6209717,0.008971,25333.82031,7567.149902,0,0
"[2018, 8, 2]",1.158600807,823.4000244,1210.599976,68.95999908,15.32900047,418.2619934,0.0089585,25326.16016,7434.390137,0,0
"[2018, 8, 3]",,832.0999756,1214.199951,68.48999786,15.40600014,,0.0089935,25462.58008,7032.850098,0,0
"[2018, 8, 5]",1.156229734,834.9000244,,,,406.6579895,,,6951.799805,0,0
"[2018, 8, 6]",1.155802131,821.5,1208.599976,69.01000214,15.29199982,380.2149963,0.0089805,25502.17969,6753.120117,0,0
"[2018, 8, 7]",1.160294652,826.5999756,1209.599976,69.16999817,15.31700039,356.6129761,0.0089785,25628.91016,6305.799805,0,0
"[2018, 8, 8]",1.161076069,824.7000122,1212.599976,66.94000244,15.3760004,365.5880127,0.0090145,25583.75,6568.22998,0,0
"[2018, 8, 9]",1.152392387,829.2999878,1211.900024,66.80999756,15.41899967,334.1759949,0.009007,25509.23047,6184.709961,0,0
"[2018, 8, 10]",,824.7999878,1211.099976,67.62999725,15.26599979,,0.009041,25313.14063,6295.72998,0,0
"[2018, 8, 12]",1.139471292,830.5999756,,,,286.4949951,,,6297.569824,0,0
"[2018, 8, 13]",1.140250921,794.5999756,1191.300049,67.19999695,14.95300007,278.9320068,0.0090185,25187.69922,6199.709961,0,0
"[2018, 8, 14]",1.134571552,798.5,1193,67.04000092,15.02499962,282.3639832,0.009011,25299.91992,6308.52002,0,0
"[2018, 8, 15]",1.134429932,768.7000122,1177.5,65.01000214,14.42099953,288.0460205,0.0090625,25162.41016,6334.72998,0,0
"[2018, 8, 16]",1.137138963,781.2999878,1176.199951,65.45999908,14.69699955,315.7290039,0.0090365,25558.73047,6580.629883,0,0
"[2018, 8, 17]",,774.0999756,1176.5,65.91000366,14.61600018,,0.009059,25669.32031,6423.759766,0,0
"[2018, 8, 19]",1.143772125,786.7000122,,,,274.3150024,,,6308.529785,0,0
"[2018, 8, 20]",1.149134636,790.7000122,1186.800049,66.43000031,14.65499973,281.9440002,0.0090895,25758.68945,6488.759766,0,0
"[2018, 8, 21]",1.157675385,789.7999878,1192.599976,67.34999847,14.7510004,271.3410034,0.009073,25822.28906,6376.709961,0,0
"[2018, 8, 22]",1.158480048,790.5,1196.300049,67.86000061,14.73499966,277.1040039,0.009059,25733.59961,6534.879883,0,0
"[2018, 8, 23]",1.154334545,775.2000122,1187,67.83000183,14.52700043,282.9670105,0.0089985,25656.98047,6719.959961,0,0
"[2018, 8, 24]",,786.4000244,1206.300049,68.72000122,14.77900028,,0.0090045,25790.34961,6763.189941,0,0
"[2018, 8, 26]",1.16489017,791,,,,285.6029968,,,6884.640137,0,0
"[2018, 8, 27]",1.168360829,801.2000122,1209,68.87000275,14.84399986,296.4989929,0.0090125,26049.64063,7096.279785,0,0
"[2018, 8, 28]",1.169125676,793.5,1207.400024,68.52999878,14.7670002,289.3119812,0.009002,26064.01953,7047.160156,0,0
"[2018, 8, 29]",1.170973897,794.7999878,1204.5,69.51000214,14.68799973,284.105011,0.0089635,26124.57031,6978.22998,0,0
"[2018, 8, 30]",1.166466355,791.2999878,1197.699951,70.25,14.47700024,283.0039978,0.0090145,25986.91992,7037.580078,0,0
"[2018, 8, 31]",,787.7999878,1200.300049,69.80000305,14.43799973,,0.009017,25964.82031,7193.25,0,0
"[2018, 9, 2]",1.160106301,787.7999878,,,,289.2590027,,,7260.060059,0,0
"[2018, 9, 3]",1.161548138,,,,,285.7229919,,,7361.660156,0,0
"[2018, 9, 4]",1.158654571,777,1192.699951,69.87000275,14.06099987,232.3310089,0.008978,25952.48047,6792.830078,0,0
"[2018, 9, 5]",1.16352129,783.0999756,1194.900024,68.72000122,14.11800003,230.2149963,0.008974,25974.99023,6529.169922,0,0
"[2018, 9, 6]",1.162006974,789.7000122,1197.900024,67.76999664,14.07499981,217.2030029,0.0090265,25995.86914,6467.069824,0,0
"[2018, 9, 7]",,779.2000122,1193.599976,67.75,14.06700039,,0.0090075,25916.53906,6225.97998,0,0
"[2018, 9, 9]",1.156109452,781.7999878,,,,197.07901,,,6329.700195,0,0
"[2018, 9, 10]",1.159595013,788.7999878,1193,67.54000092,14.07900047,185.0659943,0.0089955,25857.07031,6321.200195,0,0
"[2018, 9, 11]",1.159608483,788.0999756,1195.400024,69.25,14.05200005,183.3310089,0.0089645,25971.06055,6351.799805,0,0
"[2018, 9, 12]",1.162925959,798.7000122,1204.699951,70.37000275,14.19200039,211.3540039,0.008993,25998.91992,6517.310059,0,0
"[2018, 9, 13]",1.169180393,802.0999756,1202,68.58999634,14.14299965,211.7490082,0.008939,26145.99023,6512.709961,0,0
"[2018, 9, 14]",,797.4000244,1195,68.98999786,14.04199982,,0.0089275,26154.66992,6543.200195,0,0
"[2018, 9, 16]",1.162898898,794,,,,197.8750153,,,6281.200195,0,0
"[2018, 9, 17]",1.166915655,799.7000122,1199.699951,68.91000366,14.12199974,209.9750061,0.008934,26062.11914,6371.299805,0,0
"[2018, 9, 18]",1.167992353,813.7000122,1196.800049,69.84999847,14.08399963,209.9690094,0.0089165,26246.96094,6398.540039,0,0
"[2018, 9, 19]",1.167460561,820.7000122,1202.199951,71.12000275,14.18900013,224.5910034,0.008925,26405.75977,6519.669922,0,0
"[2018, 9, 20]",1.177592754,833.0999756,1206.199951,70.80000305,14.21500015,246.5839844,0.0089065,26656.98047,6734.950195,0,0
"[2018, 9, 21]",,828.5,1196.199951,70.77999878,14.26900005,,0.0089,26743.5,6721.97998,0,0
"[2018, 9, 23]",1.175101995,826,,,,228.730011,,,6595.410156,0,0
"[2018, 9, 24]",1.175295353,828.2000122,1199.300049,72.08000183,14.2510004,218.5049896,0.008886,26562.05078,6446.470215,0,0
"[2018, 9, 25]",1.176318407,821.7999878,1200,72.27999878,14.39799976,215.8470001,0.008868,26492.21094,6495,0,0
"[2018, 9, 26]",1.174853444,824.5,1194,71.56999969,14.30500031,228.493988,0.0088755,26385.2793,6676.75,0,0
"[2018, 9, 27]",1.163737893,810.2999878,1182.300049,72.12000275,14.20100021,222.4019928,0.0088265,26439.92969,6644.129883,0,0
"[2018, 9, 28]",,818.7000122,1191.5,73.25,14.62300014,,0.008814,26458.31055,6601.959961,0,0
"[2018, 9, 30]",1.160537124,818.7000122,,,,230.7680054,,,6589.620117,0,0
"[2018, 10, 1]",1.157755733,824,1187.099976,75.30000305,14.42199993,227.1809998,0.008782,26651.21094,6556.100098,0,0
"[2018, 10, 2]",1.155174613,830.0999756,1202.400024,75.23000336,14.60999966,220.4889984,0.008804,26773.93945,6502.589844,0,0
"[2018, 10, 3]",1.147631288,832.2000122,1198.300049,76.41000366,14.59000015,222.2180023,0.008753,26828.39063,6576.689941,0,0
"[2018, 10, 4]",1.151808381,821,1197.199951,74.33000183,14.51000023,227.6009979,0.008786,26627.48047,6622.47998,0,0
"[2018, 10, 5]",,821.0999756,1201.199951,74.33999634,14.56900024,,0.008796,26447.05078,6588.310059,0,0
"[2018, 10, 7]",1.152259588,825,,,,229.2550049,,,6652.22998,0,0
"[2018, 10, 8]",1.149412036,814.0999756,1184.400024,74.29000092,14.25899982,227.9819946,0.0088535,26486.7793,6642.640137,0,0
"[2018, 10, 9]",1.150694966,825.5999756,1187.199951,74.95999908,14.32900047,225.7690125,0.00885,26430.57031,6585.529785,0,0
"[2018, 10, 10]",1.153336048,824.0999756,1189.300049,73.16999817,14.25500011,189.4990082,0.0088845,25598.74023,6256.240234,0,0
"[2018, 10, 11]",1.159044027,842.7999878,1223.5,70.97000122,14.53499985,196.727005,0.008934,25052.83008,6274.580078,0,0
"[2018, 10, 12]",,836.2000122,1218.099976,71.33999634,14.56400013,,0.0089295,25339.99023,6285.990234,0,0
"[2018, 10, 14]",1.155134559,844,,,,209.7039948,,,6596.540039,0,0
"[2018, 10, 15]",1.158345819,842.5,1226.400024,71.77999878,14.65600014,210.1200104,0.0089525,25250.55078,6596.109863,0,0
"[2018, 10, 16]",1.157527924,843.0999756,1227.300049,71.91999817,14.63000011,207.0830078,0.0089365,25798.41992,6544.430176,0,0
"[2018, 10, 17]",1.150086284,836.9000244,1223.699951,69.75,14.59200001,203.352005,0.008911,25706.67969,6476.709961,0,0
"[2018, 10, 18]",1.146000385,827.7999878,1226.5,68.65000153,14.53299999,203.727005,0.008933,25379.44922,6465.410156,0,0
"[2018, 10, 19]",,832.2999878,1225.300049,69.12000275,14.57900047,,0.0089005,25444.33984,6489.189941,0,0
"[2018, 10, 21]",1.150946617,834,,,,204.0439911,,,6487.160156,0,0
"[2018, 10, 22]",1.146789074,819,1221.199951,69.16999817,14.52200031,204.3359985,0.008882,25317.41016,6475.740234,0,0
"[2018, 10, 23]",1.147315264,832.4000244,1233.400024,66.43000031,14.72799969,203.852005,0.0089085,25191.42969,6495.839844,0,0
"[2018, 10, 24]",1.139925838,828.7000122,1227.800049,66.81999969,14.61100006,202.7189941,0.008911,24583.41992,6476.290039,0,0
"[2018, 10, 25]",1.137785912,828.7000122,1229.099976,67.33000183,14.56499958,203.3289948,0.0088955,24984.55078,6474.75,0,0
"[2018, 10, 26]",,829.5,1232.5,67.58999634,14.63500023,,0.0089555,24688.31055,6480.379883,0,0
"[2018, 10, 29]",1.139873862,832,1224.5,67.04000092,14.37699986,197.246994,0.0089135,24442.91992,6332.629883,0,0
"[2018, 10, 30]",1.137617588,834.5999756,1222.599976,66.18000031,14.40299988,197.5559998,0.0088655,24874.64063,6334.27002,0,0
"[2018, 10, 31]",1.134635806,839.4000244,1212.300049,65.30999756,14.22900009,197.381012,0.008858,25115.75977,6317.609863,0,0
"[2018, 11, 1]",1.13166976,858.2999878,1236,63.68999863,14.72900009,198.871994,0.008882,25380.74023,6377.779785,0,0
"[2018, 11, 2]",1.140328884,871.9000244,1230.900024,63.13999939,14.70699978,200.6349945,0.008837,25270.83008,6388.439941,0,0
"[2018, 11, 4]",,874.0999756,,,,,,,6376.129883,0,0
"[2018, 11, 5]",1.139757037,865,1229.800049,63.09999847,14.60400009,209.0910034,0.008841,25461.69922,6419.660156,0,0
"[2018, 11, 6]",1.141291857,867.7000122,1223.800049,62.20999908,14.45800018,218.4519958,0.008826,25635.00977,6461.009766,0,0
"[2018, 11, 7]",1.143850684,875.0999756,1226.199951,61.66999817,14.52799988,217.1830139,0.0088295,26180.30078,6530.140137,0,0
"[2018, 11, 8]",1.143405914,866.7000122,1222.900024,60.66999817,14.38599968,212.2310028,0.0087775,26191.2207,6453.720215,0,0
"[2018, 11, 9]",1.136841536,852.4000244,1206.400024,60.18999863,14.10299969,210.0740051,0.008793,25989.30078,6385.620117,0,0
"[2018, 11, 11]",,856.4000244,,,,,,,6411.27002,0,0
"[2018, 11, 12]",1.132502794,841.7000122,1201.300049,59.93000031,13.97399998,210.4179993,0.008788,25387.17969,6371.27002,0,0
"[2018, 11, 13]",1.123342991,837.0999756,1199.199951,55.68999863,13.95199966,206.826004,0.0087875,25286.49023,6359.490234,0,0
"[2018, 11, 14]",1.13111937,830.7999878,1207.900024,56.25,14.05500031,181.3970032,0.0088145,25080.5,5738.350098,0,0
"[2018, 11, 15]",1.131183386,842.2999878,1212.800049,56.45999908,14.23700047,180.8059998,0.0088045,25289.26953,5648.029785,0,0
"[2018, 11, 16]",1.13248992,843.5999756,1220.800049,56.45999908,14.3579998,175.177002,0.008863,25413.2207,5575.549805,0,0
"[2018, 11, 18]",,848.2000122,,,,,,,5623.540039,0,0
"[2018, 11, 19]",1.141396165,855.5,1223.099976,56.75999832,14.38099957,149.1750031,0.008885,25017.43945,4871.490234,0,0
"[2018, 11, 20]",1.145501614,844.9000244,1219,53.43000031,14.24699974,130.3390045,0.0088855,24465.64063,4451.870117,0,0
"[2018, 11, 21]",1.137242436,848.0999756,1225.800049,54.63000107,14.47999954,136.701004,0.008858,24464.68945,4602.169922,0,0
"[2018, 11, 22]",1.13883543,,,,,126.7059937,,,4365.939941,0,0
"[2018, 11, 23]",1.14031589,,,,,123.2959976,,24285.94922,4347.109863,0,0
"[2018, 11, 25]",,844.2000122,,,,,,,4009.969971,0,0
"[2018, 11, 26]",1.133735418,845.7000122,1220.199951,51.63000107,14.18299961,108.3350067,0.008812,24640.24023,3779.129883,0,0
"[2018, 11, 27]",1.133337021,833.2000122,1211.199951,51.56000137,14.06200027,110.0100021,0.0088005,24748.73047,3820.719971,0,0
"[2018, 11, 28]",1.129879713,824.2000122,1221.400024,50.29000092,14.30300045,122.4379959,0.0088195,25366.42969,4257.419922,0,0
"[2018, 11, 29]",1.136854529,819.0999756,1224.099976,51.45000076,14.27299976,117.5426407,0.008825,25338.83984,4278.84668,0,0
"[2018, 11, 30]",1.139276624,798,1220.199951,50.93000031,14.09399986,113.1714249,0.0088115,25538.46094,4017.268555,0,0
"[2018, 12, 2]",,807.2999878,,,,,,,4139.87793,0,0
"[2018, 12, 3]",1.134224057,808.9000244,1233.900024,52.95000076,14.38099957,108.9250107,0.0088045,25826.42969,3894.130859,0,0
"[2018, 12, 4]",1.135486126,802.4000244,1241.099976,53.25,14.52099991,110.2141953,0.008872,25027.07031,3956.893799,0,0
"[2018, 12, 5]",1.13428843,,,,,102.4755554,,,3753.994873,0,0
"[2018, 12, 6]",1.134906292,787.7999878,1238.099976,51.49000168,14.39000034,91.76105499,0.0088835,24947.66992,3521.101807,0,0
"[2018, 12, 7]",1.137475252,788.5999756,1246.800049,52.61000061,14.57199955,93.29457092,0.008883,24388.94922,3419.937256,0,0
"[2018, 12, 9]",,794.9000244,,,,,,,3614.234375,0,0
"[2018, 12, 10]",1.140094876,780.2999878,1243.699951,51,14.47799969,91.68565369,0.0088375,24423.25977,3502.656006,0,0
"[2018, 12, 11]",1.135653853,783.7000122,1241.900024,51.65000153,14.4989996,88.94530487,0.008822,24370.24023,3424.588135,0,0
"[2018, 12, 12]",1.13231051,805.2999878,1244.400024,51.15000153,14.72500038,90.5933075,0.0088355,24527.26953,3486.950195,0,0
"[2018, 12, 13]",1.13734591,795.7000122,1242.699951,52.58000183,14.72900009,86.53931427,0.008804,24597.38086,3313.677246,0,0
"[2018, 12, 14]",1.136363626,783.5,1237,51.20000076,14.51299953,84.3082962,0.008828,24100.50977,3242.484863,0,0
"[2018, 12, 16]",,787,,,,,,,3252.839111,0,0
"[2018, 12, 17]",1.130594969,794.0999756,1247.400024,49.88000107,14.63899994,95.13382721,0.008854,23592.98047,3545.864746,0,0
"[2018, 12, 18]",1.13498354,793,1249.199951,46.24000168,14.58500004,101.1124573,0.0089135,23675.64063,3696.059082,0,0
"[2018, 12, 19]",1.137539983,794.5999756,1252.099976,47.20000076,14.70199966,101.2685776,0.0089255,23323.66016,3745.950684,0,0
"[2018, 12, 20]",1.138952136,794.5999756,1263.599976,45.88000107,14.75300026,116.2168655,0.00902,22859.59961,4134.441406,0,0
"[2018, 12, 21]",1.145685315,794.5999756,1253.800049,45.59000015,14.58300018,109.4962311,0.009003,22445.36914,3896.543701,0,0
"[2018, 12, 23]",,792.0999756,,,,,,,3998.980225,0,0
"[2018, 12, 24]",1.137281179,,,,,140.2380066,,21792.19922,4078.599121,0,0
"[2018, 12, 25]",1.140393853,,,,,129.8443451,,,3815.490723,0,0
"[2018, 12, 26]",1.141552567,799.5,1269.199951,46.22000122,15.00399971,131.8656311,0.008996,22878.44922,3857.297607,0,0
"[2018, 12, 27]",1.136131287,795.5,1277.300049,44.61000061,15.19099998,116.5759125,0.009038,23138.82031,3654.833496,0,0
"[2018, 12, 28]",1.143105388,789.5999756,1279.900024,45.33000183,15.32600021,137.6470184,0.009065,23062.40039,3923.918701,0,0
"[2018, 12, 30]",,795.5999756,,,,,,,3865.952637,0,0
"[2018, 12, 31]",1.14399457,795.9000244,1278.300049,45.40999985,15.43299961,133.3682709,0.009125,23327.46094,3742.700439,0,0
"[2019, 1, 1]",1.149306417,,,,,140.8194122,,,3843.52002,0,0
"[2019, 1, 2]",1.146171212,799.0999756,1281,46.54000092,15.54199982,155.0476685,0.0091645,23346.24023,3943.409424,0,0
"[2019, 1, 3]",1.131810665,794.5,1291.800049,47.09000015,15.70600033,149.1350098,0.0092875,22686.2207,3836.741211,0,0
"[2019, 1, 4]",1.139107823,822,1282.699951,47.95999908,15.69499969,154.5819397,0.0092205,23433.16016,3857.717529,0,0
"[2019, 1, 6]",,824.7000122,,,,,,,4076.632568,0,0
"[2019, 1, 7]",1.141044497,818.4000244,1286.800049,48.52000046,15.66899967,151.6992188,0.0092125,23531.34961,4025.248291,0,0
"[2019, 1, 8]",1.147973776,816.5,1283.199951,49.77999878,15.6260004,150.3596344,0.0092085,23787.44922,4030.8479,0,0
"[2019, 1, 9]",1.145606637,820,1289.300049,52.36000061,15.65299988,150.8031158,0.0092395,23879.11914,4035.296387,0,0
"[2019, 1, 10]",1.155494928,821.2999878,1284.699951,52.59000015,15.56099987,128.6251831,0.0092245,24001.91992,3678.924561,0,0
"[2019, 1, 11]",1.151012897,813,1287.099976,51.59000015,15.57699966,127.5483246,0.009217,23995.94922,3687.365479,0,0
"[2019, 1, 13]",,814.5,,,,,,,3552.953125,0,0
"[2019, 1, 14]",1.146013618,798.7999878,1289.099976,50.50999832,15.60900021,129.0687256,0.0092355,23909.83984,3706.052246,0,0
"[2019, 1, 15]",1.147288918,795.5999756,1286.199951,52.11000061,15.54599953,122.0327148,0.009235,24065.58984,3630.675293,0,0
"[2019, 1, 16]",1.141682863,803.4000244,1291.599976,52.31000137,15.56400013,123.5470581,0.009206,24207.16016,3655.006836,0,0
"[2019, 1, 17]",1.139808893,807.7999878,1291,52.06999969,15.46700001,123.7419205,0.0091745,24370.09961,3678.563965,0,0
"[2019, 1, 18]",1.13926363,797.7999878,1281.300049,53.79999924,15.32999992,121.0102615,0.00913,24706.34961,3657.839355,0,0
"[2019, 1, 20]",,801.7000122,,,,,,,3601.013672,0,0
"[2019, 1, 21]",1.13655746,,,,,117.1578445,,,3576.032471,0,0
"[2019, 1, 22]",1.136932135,786.5,1282.5,52.56999969,15.25899982,118.747551,0.0091705,24404.48047,3604.577148,0,0
"[2019, 1, 23]",1.136402369,792.2999878,1283.099976,52.61999893,15.31700039,117.4526138,0.0091435,24575.61914,3585.123047,0,0
"[2019, 1, 24]",1.138822436,799,1279.099976,53.13000107,15.23799992,117.3628922,0.009133,24553.24023,3600.865479,0,0
"[2019, 1, 25]",1.131349683,813.5,1297.400024,53.68999863,15.63899994,116.3783417,0.009137,24737.19922,3599.765869,0,0
"[2019, 1, 27]",,818.2999878,,,,,,,3583.96582,0,0
"[2019, 1, 28]",1.14130497,809.7000122,1302.400024,51.99000168,15.70899963,106.5899811,0.00916,24528.2207,3470.450439,0,0
"[2019, 1, 29]",1.143000841,809.9000244,1308.199951,53.31000137,15.78600025,105.5982132,0.0091655,24579.96094,3448.116943,0,0
"[2019, 1, 30]",1.143536687,812,1309.900024,54.22999954,15.88000011,108.9075317,0.0091935,25014.85938,3486.181641,0,0
"[2019, 1, 31]",1.148765087,820.5,1319.699951,53.79000092,16.02199936,107.0610199,0.0091955,24999.66992,3457.792725,0,0
"[2019, 2, 1]",1.144950747,822.5999756,1316.900024,55.25999832,15.88000011,107.609787,0.0091415,25063.89063,3487.945313,0,0
"[2019, 2, 3]",,826,,,,,,,3464.013428,0,0
"[2019, 2, 4]",1.14552784,818.7000122,1314.300049,54.56000137,15.83699989,107.8216019,0.009107,25239.36914,3459.154053,0,0
"[2019, 2, 5]",1.143628359,815.7999878,1314.199951,53.65999985,15.78999996,107.443512,0.0091015,25411.51953,3466.357422,0,0
"[2019, 2, 6]",1.140992522,809.7999878,1309.5,54.00999832,15.65600014,104.9192886,0.009101,25390.30078,3413.767822,0,0
"[2019, 2, 7]",1.136596084,793.2999878,1309.400024,52.63999939,15.67500019,104.5352936,0.00911,25169.5293,3399.47168,0,0
"[2019, 2, 8]",1.133876801,799.2999878,1313.699951,52.72000122,15.77299976,119.2677536,0.0091145,25106.33008,3666.780273,0,0
"[2019, 2, 10]",,802.4000244,,,,,,,3690.188232,0,0
"[2019, 2, 11]",1.132425904,782.7000122,1307,52.40999985,15.65699959,121.2984009,0.009063,25053.10938,3648.430664,0,0
"[2019, 2, 12]",1.127904296,785.7000122,1309.199951,53.09999847,15.65999985,122.5722885,0.0090535,25425.75977,3653.528564,0,0
"[2019, 2, 13]",1.133465528,788,1310.800049,53.90000153,15.6239996,122.5535965,0.009013,25543.26953,3632.070557,0,0
"[2019, 2, 14]",1.12649405,785.7000122,1309.800049,54.40999985,15.5,121.3901978,0.009052,25439.39063,3616.880859,0,0
"[2019, 2, 15]",1.129535079,803.4000244,1318.099976,55.59000015,15.72299957,122.1003952,0.009057,25883.25,3620.810791,0,0
"[2019, 2, 17]",,806.7000122,,,,,,,3673.836182,0,0
"[2019, 2, 18]",1.129803061,,,,,146.0983734,,,3915.714355,0,0
"[2019, 2, 19]",1.131196141,817.2999878,1340.099976,56.09000015,15.94699955,145.3461914,0.0090555,25891.32031,3947.094482,0,0
"[2019, 2, 20]",1.134301186,830.5,1343.300049,56.91999817,16.15699959,149.5543518,0.00904,25954.43945,3999.820557,0,0
"[2019, 2, 21]",1.134635806,822.5999756,1323.5,56.95999908,15.79100037,146.1308441,0.0090515,25850.63086,3954.118164,0,0
"[2019, 2, 22]",1.134301186,842.2000122,1329.199951,57.25999832,15.90799999,149.092453,0.009049,26031.81055,4005.526611,0,0
"[2019, 2, 24]",,846.7000122,,,,,,,3810.42749,0,0
"[2019, 2, 25]",1.134224057,850,1325.900024,55.47999954,15.82499981,139.8228607,0.0090125,26091.94922,3882.696289,0,0
"[2019, 2, 26]",1.136751175,857,1325.099976,55.5,15.82699966,138.0896912,0.009063,26057.98047,3854.35791,0,0
"[2019, 2, 27]",1.139315486,867.7999878,1317.699951,56.93999863,15.67199993,136.125946,0.009019,25985.16016,3851.047363,0,0
"[2019, 2, 28]",1.138018966,873,1312.800049,57.22000122,15.53800011,136.7462463,0.0089875,25916,3854.7854,0,0
"[2019, 3, 1]",1.13734591,861.5999756,1296.400024,55.79999924,15.16899967,136.4436188,0.008938,26026.32031,3859.58374,0,0
"[2019, 3, 3]",,864.4000244,,,,,,,3847.175781,0,0
"[2019, 3, 4]",1.13759172,836.7999878,1284.800049,56.59000015,15.0170002,127.7741241,0.0089585,25819.65039,3761.557129,0,0
"[2019, 3, 5]",1.133735418,835.9000244,1282,56.56000137,15.02000046,137.8223877,0.0089455,25806.63086,3896.375,0,0
"[2019, 3, 6]",1.130710125,826.2000122,1284.900024,56.22000122,15.00300026,138.7893524,0.008952,25673.46094,3903.942627,0,0
"[2019, 3, 7]",1.131400943,815.2999878,1283.800049,56.65999985,14.96000004,138.0345001,0.008972,25473.23047,3911.484375,0,0
"[2019, 3, 8]",1.11983335,816,1297,56.06999969,15.27200031,135.1270752,0.0090085,25450.24023,3901.131592,0,0
"[2019, 3, 10]",,818.5999756,,,,,,,3951.599854,0,0
"[2019, 3, 11]",1.12324214,815.2000122,1288.800049,56.79000092,15.19699955,133.8340302,0.008995,25650.88086,3905.227295,0,0
"[2019, 3, 12]",1.125923276,831,1296.300049,56.86999893,15.3380003,134.4428864,0.0089905,25554.66016,3909.15625,0,0
"[2019, 3, 13]",1.128744602,840.7999878,1307.5,58.25999832,15.38099957,133.2630768,0.0090095,25702.89063,3906.717285,0,0
"[2019, 3, 14]",1.133105993,825.5999756,1293.400024,58.61000061,15.10099983,133.7115936,0.0089505,25709.93945,3924.369141,0,0
"[2019, 3, 15]",1.130837917,830.2999878,1301.800049,58.52000046,15.25300026,137.6917877,0.00897,25848.86914,3960.911133,0,0
"[2019, 3, 17]",,831.2999878,,,,,,,4025.229004,0,0
"[2019, 3, 18]",1.131977201,832.5999756,1300.300049,59.09000015,15.2510004,139.3746033,0.008966,25914.09961,4032.507324,0,0
"[2019, 3, 19]",1.133619785,851.2000122,1305,59.02999878,15.30099964,140.5191956,0.0089945,25887.38086,4071.190186,0,0
"[2019, 3, 20]",1.135486126,858.2000122,1300.5,59.83000183,15.24499989,140.6863708,0.009058,25745.66992,4087.476318,0,0
"[2019, 3, 21]",1.142791867,859.7000122,1306.099976,59.97999954,15.37199974,136.6360626,0.0090445,25962.50977,4029.326904,0,0
"[2019, 3, 22]",1.137501121,847.2000122,1311.599976,59.04000092,15.34500027,137.1814423,0.0091015,25502.32031,4023.968262,0,0
"[2019, 3, 24]",,845.2000122,,,,,,,4022.168213,0,0
"[2019, 3, 25]",1.129586101,856.5,1321.900024,58.81999969,15.50699997,135.0310211,0.0091015,25516.83008,3963.070557,0,0
"[2019, 3, 26]",1.131580114,858.9000244,1314.300049,59.93999863,15.37100029,135.4603577,0.0090635,25657.73047,3985.080811,0,0
"[2019, 3, 27]",1.127484679,855.5999756,1309.900024,59.40999985,15.23900032,140.9881592,0.0090735,25625.58984,4087.066162,0,0
"[2019, 3, 28]",1.125175834,838.2000122,1289.800049,59.29999924,14.92099953,139.4164886,0.0090555,25717.46094,4069.107178,0,0
"[2019, 3, 29]",1.12300241,848.9000244,1293,60.13999939,15.06000042,142.4974213,0.0090345,25928.67969,4098.374512,0,0
"[2019, 3, 31]",1.122384906,850.2000122,,,,141.8303223,,,4105.404297,0,0
"[2019, 3, 31]",1.122384906,850.2000122,,,,141.8303223,,,4158.183105,0,0
"[2019, 4, 1]",1.120573759,850.0999756,1288.400024,61.59000015,15.05099964,163.9617462,0.008987,26258.41992,4879.87793,0,0
"[2019, 4, 2]",1.120385408,848.2000122,1290,62.58000183,15.01799965,161.4588013,0.008986,26179.13086,4973.021973,0,0
"[2019, 4, 3]",1.124694943,869.4000244,1289.900024,62.45999908,15.05900002,158.052536,0.0089795,26218.13086,4922.798828,0,0
"[2019, 4, 4]",1.122586489,900,1289,62.09999847,15.04100037,165.5148468,0.0089665,26384.63086,5036.681152,0,0
"[2019, 4, 5]",,901,1290.400024,63.08000183,15.04300022,,0.0089585,26424.99023,5059.817383,0,0
"[2019, 4, 7]",1.121956706,907.9000244,,,,180.2588196,,,5289.770996,0,0
"[2019, 4, 8]",1.125644445,907.5999756,1297.099976,64.40000153,15.17300034,176.114563,0.0089725,26341.01953,5204.958496,0,0
"[2019, 4, 9]",1.126697063,893.9000244,1303.5,63.97999954,15.16800022,177.3374786,0.009005,26150.58008,5324.551758,0,0
"[2019, 4, 10]",1.127650023,903.2000122,1309.099976,64.61000061,15.20100021,165.4970093,0.0090145,26157.16016,5064.487793,0,0
"[2019, 4, 11]",1.126075387,890.2999878,1288.599976,63.58000183,14.82400036,164.7363281,0.0089575,26143.05078,5089.539063,0,0
"[2019, 4, 12]",,893.2000122,1290.599976,63.88999939,14.92000008,,0.008923,26412.30078,5096.586426,0,0
"[2019, 4, 14]",1.130505562,895.4000244,,,,161.574173,,,5067.108398,0,0
"[2019, 4, 15]",1.130492806,890.2000122,1286.800049,63.40000153,14.94799995,167.6234436,0.0089255,26384.76953,5235.55957,0,0
"[2019, 4, 16]",1.128502607,880.2000122,1272.599976,64.05000305,14.89099979,166.9507599,0.008948,26452.66016,5251.937988,0,0
"[2019, 4, 17]",1.129713774,886.7999878,1272.199951,63.75999832,14.92099953,173.8140259,0.0089415,26449.53906,5298.385742,0,0
"[2019, 4, 18]",1.123595476,899.7999878,1271.900024,64,14.93700027,173.7084351,0.008946,26559.53906,5303.8125,0,0
"[2019, 4, 21]",1.124454618,906.4000244,,,,171.8746796,,,5399.365234,0,0
"[2019, 4, 22]",1.125897884,897.5,1273.5,65.69999695,14.95699978,171.4477997,0.008948,26511.05078,5572.361816,0,0
"[2019, 4, 23]",1.122435212,889.0999756,1269.300049,66.30000305,14.77299976,165.8260803,0.008956,26656.39063,5464.866699,0,0
"[2019, 4, 24]",1.115349412,883.9000244,1275.5,65.88999939,14.89799976,154.4593964,0.0089135,26597.05078,5210.515625,0,0
"[2019, 4, 25]",1.113684893,885.2999878,1275.800049,65.20999908,14.86100006,156.3470917,0.0089655,26462.08008,5279.348145,0,0
"[2019, 4, 26]",,898.2000122,1284.900024,63.29999924,15.00199986,,0.008966,26543.33008,5268.291016,0,0
"[2019, 4, 28]",1.115026116,903.9000244,,,,155.2019958,,,5247.352539,0,0
"[2019, 4, 29]",1.118518233,897.7000122,1278.599976,63.5,14.84399986,162.1660461,0.008956,26554.39063,5350.726563,0,0
"[2019, 4, 30]",1.121604323,888.0999756,1282.800049,63.90999985,14.89999962,160.8183441,0.008985,26592.91016,5402.697266,0,0
"[2019, 5, 1]",1.120084167,874.2000122,1281.400024,63.59999847,14.64500046,162.1227875,0.0089655,26430.14063,5505.283691,0,0
"[2019, 5, 2]",1.117355943,851,1269.699951,61.81000137,14.53999996,167.9524078,0.008975,26307.78906,5768.289551,0,0
"[2019, 5, 3]",,871.5999756,1279.199951,61.93999863,14.90699959,,0.0090065,26504.94922,5831.16748,0,0
"[2019, 5, 5]",1.118580818,865.0999756,,,,172.6531982,,,5746.807129,0,0
"[2019, 5, 6]",1.12018466,877.7000122,1281.699951,62.25,14.85700035,169.7986603,0.0090215,26438.48047,5829.501465,0,0
"[2019, 5, 7]",1.119106531,870.2000122,1283.5,61.40000153,14.85999966,170.9481659,0.0090735,25965.08984,5982.45752,0,0
"[2019, 5, 8]",1.11983335,861.2000122,1279.400024,62.11999893,14.79199982,170.2893066,0.009084,25967.33008,6174.528809,0,0
"[2019, 5, 9]",1.122208476,848.5999756,1283.5,61.70000076,14.70699978,173.1427307,0.0091185,25828.35938,6378.849121,0,0
"[2019, 5, 10]",,862.4000244,1285.699951,61.65999985,14.72599983,,0.0090995,25942.36914,7204.771484,0,0
"[2019, 5, 12]",1.123646021,861.2000122,,,,196.846283,,,7814.915039,0,0
"[2019, 5, 13]",1.123254776,852.2999878,1300.099976,61.04000092,14.7130003,217.1485748,0.009166,25324.99023,7994.416016,0,0
"[2019, 5, 14]",1.120448232,856.5,1294.699951,61.77999878,14.75199986,247.1530762,0.009146,25532.05078,8205.167969,0,0
"[2019, 5, 15]",1.12072444,845,1296.300049,62.02000046,14.75199986,264.0100098,0.009152,25648.01953,7884.90918,0,0
"[2019, 5, 16]",1.117355943,830.9000244,1285,62.86999893,14.47900009,243.7645874,0.009124,25862.67969,7343.895508,0,0
"[2019, 5, 17]",,818.4000244,1274.5,62.75999832,14.34799957,,0.009102,25764,7271.208008,0,0
"[2019, 5, 19]",1.116532445,820.7000122,,,,251.8644104,,,7978.309082,0,0
"[2019, 5, 20]",1.116856694,811.5,1276.099976,63.09999847,14.4090004,255.2158813,0.009112,25679.90039,7963.327637,0,0
"[2019, 5, 21]",,812.7000122,1272,62.99000168,14.37300014,244.6988983,0.009058,25877.33008,7680.066406,0,0
"[2019, 5, 22]",1.115548491,802.7999878,1273.599976,61.41999817,14.41399956,245.9656677,0.009085,25776.60938,7881.84668,0,0
"[2019, 5, 23]",1.118455648,797.2000122,1284.800049,57.90999985,14.57699966,249.4849854,0.0091495,25490.4707,7987.371582,0,0
"[2019, 5, 24]",,800.5999756,1283,58.63000107,14.52000046,,0.0091585,25585.68945,8052.543945,0,0
"[2019, 5, 26]",1.120963097,806.7999878,,,,272.8626404,,,8805.77832,0,0
"[2019, 5, 27]",1.119382143,,,,,271.7687073,,,8719.961914,0,0
"[2019, 5, 28]",1.117068768,795,1276.5,59.13999939,14.28100014,269.4556885,0.0091475,25347.76953,8659.487305,0,0
"[2019, 5, 29]",1.113734603,789.5999756,1280.599976,58.81000137,14.37199974,255.8589325,0.00915,25126.41016,8319.472656,0,0
"[2019, 5, 30]",1.113114715,792.5,1287.099976,56.59000015,14.46000004,268.1135559,0.009139,25169.88086,8574.501953,0,0
"[2019, 5, 31]",,792.5999756,1305.800049,53.5,14.52999973,,0.0092365,24815.03906,8564.016602,0,0
"[2019, 6, 2]",1.117405772,793.7999878,,,,252.6079254,,,8208.995117,0,0
"[2019, 6, 3]",1.124631643,819.2000122,1322.699951,53.25,14.70300007,241.3387756,0.009266,24819.7793,7707.770996,0,0
"[2019, 6, 4]",1.125403762,817.4000244,1323.400024,53.47999954,14.73200035,247.0510254,0.0092635,25332.17969,7824.231445,0,0
"[2019, 6, 5]",1.122901559,801.0999756,1328.300049,51.68000031,14.75399971,249.47435,0.0092315,25539.57031,7822.023438,0,0
"[2019, 6, 6]",1.127650023,802.2000122,1337.599976,52.59000015,14.86800003,250.9303589,0.0092275,25720.66016,8043.951172,0,0
"[2019, 6, 7]",,804.5999756,1341.199951,53.99000168,14.99400043,,0.0092505,25983.93945,7954.12793,0,0
"[2019, 6, 9]",1.132015705,809.2999878,,,,247.5201263,,,8000.32959,0,0
"[2019, 6, 10]",1.131810665,803.7000122,1324.699951,53.25999832,14.60499954,245.7818298,0.009228,26062.67969,7927.714355,0,0
"[2019, 6, 11]",1.132951856,812.7999878,1326.400024,53.27000046,14.70600033,260.9033203,0.0092215,26048.50977,8145.857422,0,0
"[2019, 6, 12]",1.12956059,809.0999756,1331.900024,51.13999939,14.72200012,256.1687927,0.00922,26004.83008,8230.923828,0,0
"[2019, 6, 13]",1.128044367,808,1339.199951,52.27999878,14.87100029,264.0874634,0.009233,26106.76953,8693.833008,0,0
"[2019, 6, 14]",,803.2999878,1340.099976,52.50999832,14.78199959,,0.009212,26089.60938,8838.375,0,0
"[2019, 6, 16]",1.121705055,802.4000244,,,,274.3511047,,,9320.352539,0,0
"[2019, 6, 17]",1.122460365,793.9000244,1338.699951,51.93000031,14.81400013,265.0518494,0.0092095,26112.5293,9081.762695,0,0
"[2019, 6, 18]",1.119820833,801.4000244,1346.599976,53.90000153,14.97999954,269.4317932,0.009242,26465.53906,9273.521484,0,0
"[2019, 6, 19]",1.123848081,805.0999756,1344.599976,53.75999832,14.94499969,271.6950073,0.009282,26504,9527.160156,0,0
"[2019, 6, 20]",1.12956059,804.5999756,1392.900024,56.65000153,15.46899986,294.9102783,0.009341,26753.16992,10144.55664,0,0
"[2019, 6, 21]",,811.5,1396.199951,57.43000031,15.27299976,,0.009327,26719.13086,10701.69141,0,0
"[2019, 6, 23]",1.138472438,813,,,,310.4246521,,,11011.10254,0,0
"[2019, 6, 24]",1.140029788,812.2000122,1414.300049,57.90000153,15.36800003,318.1263123,0.0093345,26727.53906,11790.91699,0,0
"[2019, 6, 25]",1.136996746,810.2999878,1414.900024,57.83000183,15.29100037,336.7531738,0.009349,26548.2207,13016.23145,0,0
"[2019, 6, 26]",1.137475252,817.0999756,1411.599976,59.38000107,15.28299999,294.2676392,0.009289,26536.82031,11182.80664,0,0
"[2019, 6, 27]",1.137294173,812.5999756,1408.400024,59.43000031,15.20499992,311.2261047,0.0092925,26526.58008,12407.33203,0,0
"[2019, 6, 28]",,835.5,1409.699951,58.47000122,15.25300026,,0.0092895,26599.96094,11959.37109,0,0
"[2019, 6, 30]",1.136492848,836.5,,,,293.6411133,,,10583.13477,0,0
"[2019, 7, 1]",1.128744602,831.0999756,1385.599976,59.09000015,15.10599995,291.5964661,0.009229,26717.42969,10801.67773,0,0
"[2019, 7, 2]",1.129305482,827.2000122,1404.599976,56.25,15.15400028,303.0999451,0.009283,26786.67969,11961.26953,0,0
"[2019, 7, 3]",1.128795505,,,,,284.5232239,,26966,11215.4375,0,0
"[2019, 7, 4]",1.128579021,,,,,287.9975281,,,10978.45996,0,0
"[2019, 7, 5]",,805.2000122,1396.699951,57.50999832,14.91800022,,0.009216,26922.11914,11208.55078,0,0
"[2019, 7, 7]",1.122737646,813.9000244,,,,313.2514038,,,12285.95801,0,0
"[2019, 7, 8]",1.121604323,814.2999878,1397,57.65999985,14.97200012,308.881012,0.009202,26806.14063,12573.8125,0,0
"[2019, 7, 9]",1.120824933,809.0999756,1397.5,57.83000183,15.06799984,290.0023193,0.00919,26783.49023,12156.5127,0,0
"[2019, 7, 10]",1.125885248,824.0999756,1410.099976,60.43000031,15.14700031,268.7040405,0.009227,26860.19922,11358.66211,0,0
"[2019, 7, 11]",1.125239134,825,1404.300049,60.20000076,15.06700039,276.2767029,0.0092215,27088.08008,11815.98633,0,0
"[2019, 7, 12]",,828.4000244,1409.900024,60.20999908,15.16100025,,0.009276,27332.0293,11392.37891,0,0
"[2019, 7, 14]",1.127205133,833.5999756,,,,229.7759857,,,10895.08984,0,0
"[2019, 7, 15]",1.126176834,839.5,1411.400024,59.58000183,15.28999996,199.1886749,0.0092715,27359.16016,9477.641602,0,0
"[2019, 7, 16]",1.121227145,841.5,1409.199951,57.61999893,15.60000038,211.4849548,0.009254,27335.63086,9693.802734,0,0
"[2019, 7, 17]",1.122964621,841.7000122,1421.300049,56.77999878,15.89299965,226.5661621,0.009275,27219.84961,10666.48242,0,0
"[2019, 7, 18]",1.126151562,843.7000122,1426.099976,55.29999924,16.12000084,221.3334045,0.0093255,27222.9707,10530.73242,0,0
"[2019, 7, 19]",,845.9000244,1425.099976,55.63000107,16.11700058,,0.009298,27154.19922,10767.13965,0,0
"[2019, 7, 21]",1.121830821,850.5,,,,217.5600281,,,10343.10645,0,0
"[2019, 7, 22]",1.120611429,847.2999878,1425.300049,56.22000122,16.34000015,212.7285309,0.00929,27171.90039,9900.767578,0,0
"[2019, 7, 23]",1.115125537,855.7999878,1420.099976,56.77000046,16.40500069,217.0463715,0.0092545,27349.18945,9811.925781,0,0
"[2019, 7, 24]",1.114243388,875.2000122,1422.800049,55.88000107,16.55400085,219.6179962,0.009258,27269.9707,9911.841797,0,0
"[2019, 7, 25]",1.114615917,868.4000244,1413.900024,56.02000046,16.3390007,219.6296082,0.0092105,27140.98047,9870.303711,0,0
"[2019, 7, 26]",,862.7000122,1418.5,56.20000076,16.32500076,,0.009214,27192.44922,9477.677734,0,0
"[2019, 7, 28]",1.113213897,869.9000244,,,,211.2680664,,,9519.145508,0,0
"[2019, 7, 29]",1.114305496,876.7999878,1419.599976,56.86999893,16.36800003,210.5226135,0.0092055,27221.34961,9607.423828,0,0
"[2019, 7, 30]",1.1157974,869.7999878,1429.699951,58.04999924,16.49500084,218.6541443,0.0092215,27198.01953,10085.62793,0,0
"[2019, 7, 31]",1.107174516,876.0999756,1426.099976,58.58000183,16.34600067,217.8084412,0.0092045,26864.26953,10399.66895,0,0
"[2019, 8, 1]",1.107885957,848.5,1420.900024,53.95000076,16.12100029,217.8715515,0.009325,26583.41992,10518.1748,0,0
"[2019, 8, 2]",,850.2000122,1445.599976,55.65999985,16.22200012,,0.0093945,26485.00977,10821.72656,0,0
"[2019, 8, 4]",1.110802531,849.7999878,,,,234.2150269,,,11805.65332,0,0
"[2019, 8, 5]",1.1243788,855.2000122,1464.599976,54.68999863,16.34499931,226.0206451,0.0094405,25717.74023,11478.16895,0,0
"[2019, 8, 6]",1.120699286,850.5,1472.400024,53.63000107,16.40500069,226.3909912,0.0093965,26029.51953,11941.96875,0,0
"[2019, 8, 7]",1.120435596,868.2999878,1507.300049,51.09000015,17.15600014,220.9418488,0.009432,26007.07031,11966.40723,0,0
"[2019, 8, 8]",1.118718386,864.7999878,1497.699951,52.54000092,16.90099907,210.4889069,0.0094425,26378.18945,11862.93652,0,0
"[2019, 8, 9]",,861.0999756,1496.599976,54.5,16.89699936,,0.009477,26287.43945,11354.02441,0,0
"[2019, 8, 11]",1.120849967,864.5,,,,211.2880554,,,11382.61621,0,0
"[2019, 8, 12]",1.121830821,861,1505.300049,54.93000031,17.03899956,208.7090302,0.0095035,25896.43945,10895.83008,0,0
"[2019, 8, 13]",1.117705584,857,1502.199951,57.09999847,16.95599937,186.6077423,0.0093775,26279.91016,10051.7041,0,0
"[2019, 8, 14]",1.114330292,845.2999878,1515.900024,55.22999954,17.25300026,188.5020599,0.009448,25479.41992,10311.5459,0,0
"[2019, 8, 15]",1.111358047,839.2999878,1519.599976,54.47000122,17.18799973,185.4400787,0.009426,25579.39063,10374.33887,0,0
"[2019, 8, 16]",,848.7999878,1512.5,54.86999893,17.09600067,,0.00941,25886.00977,10231.74414,0,0
"[2019, 8, 18]",1.109385371,851.2000122,,,,203.0919189,,,10916.05371,0,0
"[2019, 8, 19]",1.108315706,854.0999756,1500.400024,56.20999908,16.91399956,196.5654144,0.009389,26135.78906,10763.23242,0,0
"[2019, 8, 20]",1.109779358,850.0999756,1504.599976,56.34000015,17.12199974,186.8916321,0.009424,25962.43945,10138.0498,0,0
"[2019, 8, 21]",1.109077811,854.0999756,1504.599976,55.68000031,17.125,191.3329163,0.009399,26202.73047,10131.05566,0,0
"[2019, 8, 22]",1.108401656,859.2999878,1497.300049,55.34999847,17.01399994,194.7062073,0.009413,26252.24023,10407.96484,0,0
"[2019, 8, 23]",,852.5,1526.599976,54.16999817,17.39500046,,0.009512,25628.90039,10159.96094,0,0
"[2019, 8, 25]",1.114305496,863.5999756,,,,188.9293671,,,10370.82031,0,0
"[2019, 8, 26]",1.110370874,855,1526.300049,53.63999939,17.62400055,187.5166473,0.009432,25898.83008,10185.5,0,0
"[2019, 8, 27]",1.109004021,865.4000244,1541,54.93000031,18.13899994,173.8899689,0.009467,25777.90039,9754.422852,0,0
"[2019, 8, 28]",1.108585954,906.0999756,1537.800049,55.77999878,18.30400085,169.5167389,0.009444,26036.09961,9510.200195,0,0
"[2019, 8, 29]",1.106194735,917.5,1526.5,56.70999908,18.16699982,168.8348694,0.009388,26362.25,9598.173828,0,0
"[2019, 8, 30]",,929.5999756,1519.099976,55.09999847,18.18499947,,0.009421,26403.2793,9630.664063,0,0
"[2019, 9, 1]",1.09917891,940.5999756,,,,178.3473511,,,10346.76074,0,0
"[2019, 9, 2]",1.096852064,,,,,179.4993286,,,10623.54004,0,0
"[2019, 9, 3]",1.097453952,953.5999756,1545.900024,53.93999863,19.07900047,175.9928894,0.00944,26118.01953,10594.49316,0,0
"[2019, 9, 4]",1.103497028,982.5999756,1550.300049,56.25999832,19.39100075,174.2171326,0.009406,26355.4707,10575.5332,0,0
"[2019, 9, 5]",1.10363102,962.0999756,1515.400024,56.29999924,18.65600014,169.9561768,0.009355,26728.15039,10353.30273,0,0
"[2019, 9, 6]",,956.9000244,1506.199951,56.52000046,17.96800041,,0.009361,26797.46094,10517.25488,0,0
"[2019, 9, 8]",1.102061987,950.7999878,,,,181.1494751,,,10334.97461,0,0
"[2019, 9, 9]",1.104838133,951.0999756,1502.199951,57.84999847,18.0189991,179.7871704,0.009336,26835.50977,10115.97559,0,0
"[2019, 9, 10]",1.105033398,935.2000122,1490.300049,57.40000153,18.04100037,178.7254944,0.009312,26909.42969,10178.37207,0,0
"[2019, 9, 11]",1.101345778,938.7999878,1494.400024,55.75,18.03100014,181.0160828,0.009282,27137.03906,10410.12695,0,0
"[2019, 9, 12]",1.105827689,951.7000122,1498.699951,55.09000015,18.04100037,181.1097107,0.009247,27182.44922,10360.54688,0,0
"[2019, 9, 13]",,951.2999878,1490.900024,54.84999847,17.43600082,,0.009247,27219.51953,10358.04883,0,0
"[2019, 9, 15]",1.108340263,959.5,,,,197.1131744,,,10276.79395,0,0
"[2019, 9, 16]",1.100594401,938.2999878,1503.099976,62.90000153,17.90099907,208.6087646,0.009263,27076.82031,10241.27246,0,0
"[2019, 9, 17]",1.107468724,943.2999878,1505.099976,59.34000015,18.01600075,211.3930359,0.009262,27110.80078,10198.24805,0,0
"[2019, 9, 18]",1.10314393,933.7000122,1507.5,58.11000061,17.79500008,221.2808685,0.009249,27147.08008,10266.41504,0,0
"[2019, 9, 19]",1.104850292,941.5,1498.400024,58.13000107,17.77300072,218.0500641,0.00928,27094.78906,10181.6416,0,0
"[2019, 9, 20]",,941.7999878,1507.300049,58.09000015,17.73800087,,0.009304,26935.07031,10019.7168,0,0
"[2019, 9, 22]",1.101904154,951.2000122,,,,201.9213104,,,9729.324219,0,0
"[2019, 9, 23]",1.099372268,952.2999878,1523.699951,58.63999939,18.60000038,168.110733,0.009321,26949.99023,8620.566406,0,0
"[2019, 9, 24]",1.101685524,953.7999878,1532.099976,57.29000092,18.5170002,170.8927002,0.009358,26807.76953,8486.993164,0,0
"[2019, 9, 25]",1.095290303,926.2999878,1504.599976,56.49000168,17.96199989,166.7271271,0.009289,26970.71094,8118.967773,0,0
"[2019, 9, 26]",1.092275381,935,1507.5,56.40999985,17.8010006,174.7109985,0.009288,26891.11914,8251.845703,0,0
"[2019, 9, 27]",,931,1499.099976,55.90999985,17.55200005,,0.009283,26820.25,8245.915039,0,0
"[2019, 9, 29]",1.094271421,938.2000122,,,,179.8722076,,,8293.868164,0,0
"[2019, 9, 30]",1.089965701,883.4000244,1465.699951,54.06999969,16.89800072,177.3404236,0.009261,26916.83008,8343.276367,0,0
"[2019, 10, 1]",1.0934937,879.5999756,1482,53.61999893,17.20199966,180.7105103,0.009291,26573.03906,8393.041992,0,0
"[2019, 10, 2]",1.096370935,888.2999878,1501,52.63999939,17.59199905,175.1993408,0.009336,26078.61914,8259.992188,0,0
"[2019, 10, 3]",1.097538233,889,1507.099976,52.45000076,17.58499908,176.9850006,0.009361,26201.03906,8205.939453,0,0
"[2019, 10, 4]",,881.7000122,1506.199951,52.81000137,17.54000092,,0.009363,26573.7207,8151.500488,0,0
"[2019, 10, 6]",1.098659635,884.9000244,,,,181.1863251,,,8245.623047,0,0
"[2019, 10, 7]",1.09721303,883.2000122,1497.699951,52.75,17.45700073,182.0215607,0.009324,26478.01953,8228.783203,0,0
"[2019, 10, 8]",1.096010566,885.2999878,1497.199951,52.63000107,17.61700058,193.2932587,0.00934,26164.03906,8595.740234,0,0
"[2019, 10, 9]",1.098780394,891.9000244,1506.099976,52.59000015,17.72800064,191.6596832,0.009301,26346.00977,8586.473633,0,0
"[2019, 10, 10]",1.101103306,903.0999756,1494.800049,53.54999924,17.52000046,182.5696869,0.009267,26496.66992,8321.756836,0,0
"[2019, 10, 11]",,895.5,1482.699951,54.70000076,17.46199989,,0.009214,26816.58984,8336.555664,0,0
"[2019, 10, 13]",1.103000402,897.7000122,,,,186.960907,,,8374.686523,0,0
"[2019, 10, 14]",1.102900624,894.5999756,1491.699951,53.59000015,17.63400078,181.4060516,,26787.35938,8205.369141,0,0
"[2019, 10, 15]",1.10347271,884.4000244,1477.599976,52.81000137,17.30800056,176.013504,0.009207,27024.80078,8047.526855,0,0
"[2019, 10, 16]",1.107493281,886.5,1488,53.36000061,17.35099983,178.0283508,0.009213,27001.98047,8103.911133,0,0
"[2019, 10, 17]",1.112718344,889,1492.300049,53.93000031,17.5359993,173.6213379,0.009219,27025.88086,7973.20752,0,0
"[2019, 10, 18]",,892.2999878,1488.199951,53.77999878,17.50200081,,0.009238,26770.19922,7988.560547,0,0
"[2019, 10, 20]",1.115573406,895.5999756,,,,174.92099,,,8243.720703,0,0
"[2019, 10, 21]",1.115175366,888.5,1482.400024,53.31000137,17.52599907,172.3008575,0.009224,26827.64063,8078.203125,0,0
"[2019, 10, 22]",1.112928867,892.2999878,1481.699951,54.15999985,17.43700027,162.4027863,0.009236,26788.09961,7514.671875,0,0
"[2019, 10, 23]",1.113238573,918.4000244,1489.900024,55.97000122,17.5170002,162.1685333,0.009218,26833.94922,7493.48877,0,0
"[2019, 10, 24]",1.110395551,921.5999756,1498.900024,56.22999954,17.73900032,181.5232086,0.00922,26805.5293,8660.700195,0,0
"[2019, 10, 25]",,929.0999756,1499.5,56.65999985,17.86100006,,0.009213,26958.06055,9244.972656,0,0
"[2019, 10, 28]",1.108426213,914.7000122,1490,55.81000137,17.81599998,182.6628113,0.009186,27090.7207,9256.148438,0,0
"[2019, 10, 29]",1.109914899,920.7000122,1487,55.54000092,17.77099991,190.3425751,0.009201,27071.46094,9427.6875,0,0
"[2019, 10, 30]",1.111481667,926.5999756,1493.199951,55.06000137,17.81500053,184.6921692,0.009187,27186.68945,9205.726563,0,0
"[2019, 10, 31]",1.115448952,930,1511.400024,54.18000031,18.01399994,183.9669342,0.009268,27046.23047,9199.584961,0,0
"[2019, 11, 1]",1.115710258,950.2999878,1508,56.20000076,18.00399971,183.9699097,0.009244,27347.35938,9261.104492,0,0
"[2019, 11, 3]",,954.7999878,,,,,,,9235.354492,0,0
"[2019, 11, 4]",1.116657138,935.0999756,1508,56.54000092,18.01399994,186.3551941,0.009212,27462.10938,9412.612305,0,0
"[2019, 11, 5]",1.1128546,926.7999878,1480.800049,57.22999954,17.51600075,189.3041687,0.009162,27492.63086,9342.527344,0,0
"[2019, 11, 6]",1.107419729,928.2999878,1490.199951,56.34999847,17.55800056,191.5938416,0.009186,27492.56055,9360.879883,0,0
"[2019, 11, 7]",1.10703969,910.5999756,1464.199951,57.15000153,16.96999931,187.976532,0.009152,27674.80078,9267.561523,0,0
"[2019, 11, 8]",1.101969719,889.4000244,1461.300049,57.24000168,16.78300095,184.2114716,0.009165,27681.24023,8804.880859,0,0
"[2019, 11, 10]",,892.0999756,,,,,,,9055.526367,0,0
"[2019, 11, 11]",1.102244258,877.2999878,1455.5,56.86000061,16.76199913,185.4896545,0.009175,27691.49023,8757.788086,0,0
"[2019, 11, 12]",1.103545666,866.5999756,1452.099976,56.79999924,16.67700005,186.8434143,0.009181,27691.49023,8815.662109,0,0
"[2019, 11, 13]",1.101236701,871.5,1461.699951,57.11999893,16.89800072,188.2587433,0.009196,27783.58984,8808.262695,0,0
"[2019, 11, 14]",1.101321578,879.7999878,1471.800049,56.77000046,17.01300049,185.9996338,0.009228,27781.96094,8708.094727,0,0
"[2019, 11, 15]",1.102049828,891.5,1467.300049,57.72000122,16.93300056,180.5211792,0.009189,28004.89063,8491.992188,0,0
"[2019, 11, 17]",,892.7000122,,,,,,,8577.975586,0,0
"[2019, 11, 18]",1.105509877,892.2000122,1470.900024,57.04999924,16.98500061,180.5596008,0.009204,28036.2207,8309.286133,0,0
"[2019, 11, 19]",1.107235789,909.0999756,1473.300049,55.20999908,17.10300064,177.4555511,0.009227,27934.01953,8206.145508,0,0
"[2019, 11, 20]",1.108000159,917.2000122,1473.300049,57.11000061,17.10000038,175.6983337,0.009218,27821.08984,8027.268066,0,0
"[2019, 11, 21]",1.107885957,914.7000122,1463.099976,58.58000183,17.04999924,161.4627228,0.009214,27766.28906,7642.75,0,0
"[2019, 11, 22]",1.106586337,889.7999878,1463.099976,57.77000046,16.98500061,150.2681732,0.009216,27875.61914,7296.577637,0,0
"[2019, 11, 24]",,894.5999756,,,,,,,7047.916992,0,0
"[2019, 11, 25]",1.102256298,897.5,1456.599976,58.00999832,16.87100029,146.476532,0.009186,28066.4707,7146.133789,0,0
"[2019, 11, 26]",1.101442933,908.7999878,1459.800049,58.40999985,17.03000069,148.9650574,0.00918,28121.67969,7218.371094,0,0
"[2019, 11, 27]",1.102256298,898.7000122,1453.400024,58.11000061,16.91200066,153.0105438,0.009134,28164,7531.663574,0,0
"[2019, 11, 28]",1.100485325,,,,,151.7175751,,,7463.105957,0,0
"[2019, 11, 29]",1.101176143,,,,,155.3041534,,28051.41016,7761.243652,0,0
"[2019, 12, 1]",,898.5999756,,,,,,,7424.29248,0,0
"[2019, 12, 2]",1.101904154,897.2999878,1462.300049,55.95999908,16.83600044,149.0591583,0.009183,27783.03906,7321.988281,0,0
"[2019, 12, 3]",1.107910514,909.2000122,1478.199951,56.09999847,17.125,147.9564209,0.009217,27502.81055,7320.145508,0,0
"[2019, 12, 4]",1.108524561,899.5,1474,58.43000031,16.79700089,146.7477417,0.009186,27649.7793,7252.034668,0,0
"[2019, 12, 5]",1.108303428,898.5,1476.900024,58.43000031,16.94199944,149.2489929,0.009201,27677.78906,7448.307617,0,0
"[2019, 12, 6]",1.110543489,896.7999878,1459.099976,59.20000076,16.4810009,149.1944427,0.009215,28015.06055,7546.996582,0,0
"[2019, 12, 8]",,898.5,,,,,,,7564.345215,0,0
"[2019, 12, 9]",1.105888844,896.4000244,1459.300049,59.02000046,16.53199959,148.2251587,0.009209,27909.59961,7400.899414,0,0
"[2019, 12, 10]",1.106499434,920.5,1462.599976,59.24000168,16.59600067,146.2670441,0.009201,27881.7207,7278.119629,0,0
"[2019, 12, 11]",1.109274626,937.4000244,1469.400024,58.75999832,16.74399948,143.6080017,0.009219,27911.30078,7217.427246,0,0
"[2019, 12, 12]",1.113585711,942.7000122,1466.699951,59.18000031,16.84499931,145.6040039,0.009148,28132.05078,7243.134277,0,0
"[2019, 12, 13]",1.118605733,926.7000122,1475.599976,60.06999969,16.91200066,144.9447479,0.009148,28135.38086,7269.68457,0,0
"[2019, 12, 15]",,928.5,,,,,,,7152.301758,0,0
"[2019, 12, 16]",1.11244607,929.2999878,1475,60.20999908,17.0189991,133.6140289,0.009134,28235.89063,6932.480469,0,0
"[2019, 12, 17]",1.11369741,927.7999878,1474.599976,60.93999863,16.97800064,122.6038895,0.009155,28267.16016,6640.515137,0,0
"[2019, 12, 18]",1.115138054,933.7000122,1472.599976,60.93000031,16.95299911,133.0921936,0.009146,28239.2793,7276.802734,0,0
"[2019, 12, 19]",1.11159277,933.5,1478.199951,61.22000122,17.05800056,129.3211365,0.009168,28376.96094,7202.844238,0,0
"[2019, 12, 20]",1.112594604,912.0999756,1474.699951,60.43999863,17.12800026,129.0660553,0.009151,28455.08984,7218.816406,0,0
"[2019, 12, 22]",,918.5999756,,,,,,,7511.588867,0,0
"[2019, 12, 23]",1.107984066,936.7000122,1482.5,60.52000046,17.40299988,128.61409,0.009158,28551.5293,7355.628418,0,0
"[2019, 12, 24]",1.109385371,,,,,129.0638885,,28515.44922,7322.532227,0,0
"[2019, 12, 25]",1.109016299,,,,,126.454628,,,7275.155762,0,0
"[2019, 12, 26]",1.109545469,952.0999756,1509.300049,61.68000031,17.8939991,126.3612213,0.009134,28621.39063,7238.966797,0,0
"[2019, 12, 27]",1.110111952,949.2999878,1513.800049,61.72000122,17.84900093,127.2146149,0.009147,28645.25977,7290.088379,0,0
"[2019, 12, 29]",,956.5,,,,,0.009173,,7422.652832,0,0
"[2019, 12, 30]",1.118230462,957.7000122,1514.5,61.68000031,17.90800095,132.6334839,0.009193,28462.14063,7292.995117,0,0
"[2019, 12, 31]",1.120229721,971.4000244,1519.5,61.06000137,17.82799911,129.6108551,0.009214,28538.43945,7193.599121,27,0
"[2020, 1, 1]",1.122082591,,,,,130.802002,,,7200.174316,0,0
"[2020, 1, 2]",1.122082591,978.5999756,1524.5,61.18000031,17.9659996,127.4101868,0.009217,28868.80078,6985.470215,0,0
"[2020, 1, 3]",1.11714375,984.5,1549.199951,63.04999924,18.06800079,134.1717224,0.009262,28634.88086,7344.884277,17,0
"[2020, 1, 5]",,989.0999756,1571.300049,,18.21500015,,,,7411.317383,15,0
"[2020, 1, 6]",1.116196036,960.4000244,1566.199951,63.27000046,18.09700012,144.3041534,0.009224,28703.38086,7769.219238,0,0
"[2020, 1, 7]",1.119799495,966,1571.800049,62.70000076,18.31599998,143.5439911,0.009217,28583.67969,8163.692383,0,0
"[2020, 1, 8]",1.115473866,959,1557.400024,59.61000061,18.08799934,141.2581329,0.009158,28745.08984,8079.862793,0,0
"[2020, 1, 9]",1.111321092,967.0999756,1551.699951,59.56000137,17.86000061,138.9792023,0.009132,28956.90039,7879.071289,0,0
"[2020, 1, 10]",1.111111164,981.2000122,1557.5,59.04000092,18.03300095,143.9637756,0.009131,28823.76953,8166.554199,0,0
"[2020, 1, 12]",,981.9000244,1559.900024,,18.07500076,,0.0091605,,8192.494141,0,0
"[2020, 1, 13]",1.111666918,977.2999878,1548.400024,58.08000183,17.9260006,144.226593,0.009098,28907.05078,8144.194336,1,0
"[2020, 1, 14]",1.113573313,982.2000122,1542.400024,58.22999954,17.67399979,165.955368,0.009108,28939.66992,8827.764648,0,0
"[2020, 1, 15]",1.113089919,1020.400024,1552.099976,57.81000137,17.92300034,166.2306824,0.009113,29030.2207,8807.010742,1,1
"[2020, 1, 16]",1.115400434,995.7000122,1549,58.52000046,17.875,164.3910065,0.009094,29297.64063,8723.786133,0,0
"[2020, 1, 17]",1.113957882,1019.400024,1558.800049,58.54000092,18.01300049,170.779953,0.009093,29348.09961,8929.038086,5,0
"[2020, 1, 19]",,1031.5,1557.300049,,18.04500008,,0.0091025,,8706.245117,136,1
"[2020, 1, 20]",1.109459281,,,,,167.1205139,,,8657.642578,20,0
"[2020, 1, 21]",1.10969317,1002,1556.400024,58.34000015,17.75099945,169.6971588,0.009122,29196.03906,8745.894531,153,3
"[2020, 1, 22]",1.108561397,1015.799988,1555.300049,56.74000168,17.77099991,168.2941589,0.009113,29186.26953,8680.875977,142,11
"[2020, 1, 23]",1.109643936,1001.700012,1564.599976,55.59000015,17.77300072,162.9285583,0.009141,29160.08984,8406.515625,97,0
"[2020, 1, 24]",1.105522037,1005.200012,1571.099976,54.18999863,18.05699921,163.051178,0.009164,28989.73047,8445.43457,266,9
"[2020, 1, 26]",,1005.900024,1582.300049,52.63999939,18.24500084,,0.0092155,,8596.830078,673,15
"[2020, 1, 27]",1.102535844,985.9000244,1576.800049,53.13999939,18,170.9308929,0.009191,28535.80078,8909.819336,797,25
"[2020, 1, 28]",1.101976991,990.0999756,1569.199951,53.47999954,17.40200043,176.3703308,0.009172,28722.84961,9358.589844,1767,25
"[2020, 1, 29]",1.102256298,968.5999756,1569.800049,53.33000183,17.43099976,175.0503387,0.009179,28734.44922,9316.629883,1480,26
"[2020, 1, 30]",1.101685524,977.0999756,1583.5,52.13999939,17.95199966,184.6904755,0.0092,28859.43945,9508.993164,1756,38
"[2020, 1, 31]",1.102912784,959.2000122,1582.900024,51.56000137,17.97200012,180.1601715,0.009236,28256.0293,9350.529297,2003,43
"[2020, 2, 2]",,966.0999756,1593.5,51.00999832,18.06999969,,0.0092465,,9344.365234,2608,46
"[2020, 2, 3]",1.108979464,968,1577.199951,50.11000061,17.63999939,189.8650665,0.009209,28399.81055,9293.521484,2818,57
"[2020, 2, 4]",1.106292605,963.4000244,1550.400024,49.61000061,17.52799988,189.2506104,0.009138,28807.63086,9180.962891,3243,65
"[2020, 2, 5]",1.104728222,984.4000244,1557.800049,50.75,17.56900024,204.2302399,0.009111,29290.84961,9613.423828,3907,66
"[2020, 2, 6]",1.100231051,964.7000122,1565.099976,50.95000076,17.78899956,212.3390808,0.009098,29379.76953,9729.801758,3751,72
"[2020, 2, 7]",1.098297596,966.5999756,1568.599976,50.31999969,17.66500092,222.7260742,0.009117,29102.50977,9795.943359,3218,73
"[2020, 2, 9]",,970.2000122,1577.300049,49.75999832,17.71999931,,0.009137,,10116.67383,2619,89
"[2020, 2, 10]",1.09493053,964.2999878,1574.699951,49.56999969,17.75799942,223.5227051,0.009119,29276.82031,9856.611328,2988,97
"[2020, 2, 11]",1.091345668,970.9000244,1565.599976,49.93999863,17.57299995,235.8511963,0.009115,29276.33984,10208.23633,2565,108
"[2020, 2, 12]",1.091941476,964.5,1567.400024,51.16999817,17.47800064,265.4061279,0.009087,29551.41992,10326.05469,2072,97
"[2020, 2, 13]",1.087594867,971.9000244,1575.099976,51.41999817,17.60000038,268.0992737,0.009108,29423.31055,10214.37988,15151,255
"[2020, 2, 14]",1.08459866,966,1582.699951,52.04999924,17.71500015,284.2174988,0.009112,29398.08008,10312.11621,4215,13
"[2020, 2, 16]",,968.9000244,1585.800049,52.18000031,17.69000053,,0.0091185,,9934.433594,2162,142
"[2020, 2, 17]",1.084175348,,,,,266.3634338,,,9690.142578,2067,106
"[2020, 2, 18]",1.084010839,991.2999878,1600,52.04999924,18.13100052,281.9445801,0.009115,29232.18945,10141.99609,1995,98
"[2020, 2, 19]",1.079540491,1001.700012,1607.5,53.29000092,18.29199982,259.7639771,0.008975,29348.0293,9633.386719,1864,139
"[2020, 2, 20]",1.081009865,976.2000122,1616.599976,53.77999878,18.30900002,257.9494629,0.008935,29219.98047,9608.475586,532,116
"[2020, 2, 21]",1.078799844,973.4000244,1644.599976,53.38000107,18.52099991,265.6006165,0.00897,28992.41016,9686.441406,996,119
"[2020, 2, 23]",,977.5,1667.5,52.08000183,18.64500046,,0.008971,,9924.515625,1008,104
"[2020, 2, 24]",1.083905101,971.7000122,1672.400024,51.43000031,18.86800003,265.2164307,0.009039,27960.80078,9650.174805,527,156
"[2020, 2, 25]",1.08491993,929.7999878,1646.900024,49.90000153,18.18300056,247.8175964,0.009094,27081.35938,9341.705078,793,79
"[2020, 2, 26]",1.088199615,912.2999878,1640,48.72999954,17.82600021,225.6802673,0.009083,26957.58984,8820.522461,863,64
"[2020, 2, 27]",1.08858943,904.2999878,1643.099976,46.81000137,17.79999924,226.7533875,0.0091295,25766.64063,8784.494141,1106,38
"[2020, 2, 28]",1.099722862,905.5,1642.5,47.09000015,17.65800095,226.760498,0.0092615,25409.35938,8672.455078,1264,57
"[2020, 3, 1]",,852.4000244,1564.099976,44.56999969,16.53499985,,0.009293,,8562.454102,1821,58
"[2020, 3, 2]",1.105131149,864.7000122,1566.699951,44.75999832,16.38699913,230.5697937,0.0092415,26703.32031,8869.669922,2044,67
"[2020, 3, 3]",1.114404798,859.4000244,1594.800049,46.75,16.67900085,224.4796295,0.009355,25917.41016,8787.786133,1595,72
"[2020, 3, 4]",1.11806798,869.2999878,1644.400024,47.18000031,17.12899971,224.5179749,0.009296,27090.85938,8755.246094,2413,84
"[2020, 3, 5]",1.113908291,875.2000122,1643,46.77999878,17.18700027,229.2681885,0.0094225,26121.2793,9078.762695,2239,80
"[2020, 3, 6]",1.122384906,865.7000122,1668,45.90000153,17.34199905,243.5253143,0.009497,25864.7793,9122.545898,2856,103
"[2020, 3, 8]",,896.4000244,1670.800049,32.54000092,17.53000069,,0.0096205,,8108.116211,3691,97
"[2020, 3, 9]",1.138602018,896.4000244,1672.400024,41.27999878,17.2140007,201.9863281,0.00972,23851.01953,7923.644531,3871,229
"[2020, 3, 10]",1.139796019,862.7999878,1675.699951,31.12999916,17.00099945,200.7672577,0.0095205,25018.16016,7909.729492,4537,209
"[2020, 3, 11]",1.131650567,869.4000244,1660.300049,34.36000061,16.90600014,194.868515,0.009564,23553.2207,7911.430176,4378,269
"[2020, 3, 12]",1.126151562,868.2000122,1642.300049,32.97999954,16.72900009,112.3471298,0.009555,21200.61914,4970.788086,6887,326
"[2020, 3, 13]",1.118493199,763.2999878,1590.300049,32.93000031,14.68500042,133.2018127,0.0093065,23185.61914,5563.707031,8352,351
"[2020, 3, 15]",,756.9000244,1515.699951,30.40999985,14.76500034,,0.009471,,5392.314941,8140,354
"[2020, 3, 16]",1.115536094,743.9000244,1516.699951,31.72999954,14.5,110.6058731,0.009477,20188.51953,5014.47998,16051,746
"[2020, 3, 17]",1.11632061,669.7000122,1539.5,26.44000053,12.75500011,113.9427567,0.009357,21237.38086,5225.629395,12745,596
"[2020, 3, 18]",1.101552129,646.0999756,1500.099976,23.60000038,12.27000046,114.8422699,0.0092795,19898.91992,5238.438477,14750,770
"[2020, 3, 19]",1.09615469,594.2000122,1471.699951,25.88999939,12.11999989,136.5938568,0.0090475,20087.18945,6191.192871,18345,970
